{"epoch": 0, "loss": 0.7132918238639832, "accuracy": 0.7928518652915955, "val_loss": 0.14240391552448273, "val_accuracy": 0.9638333320617676}
{"epoch": 1, "loss": 0.17935068905353546, "accuracy": 0.9457036852836609, "val_loss": 0.08877792209386826, "val_accuracy": 0.9783333539962769}
{"epoch": 2, "loss": 0.12750372290611267, "accuracy": 0.961388885974884, "val_loss": 0.06911337375640869, "val_accuracy": 0.9819999933242798}
{"epoch": 3, "loss": 0.10114149004220963, "accuracy": 0.9693703651428223, "val_loss": 0.05749078840017319, "val_accuracy": 0.9848333597183228}
{"epoch": 4, "loss": 0.08881604671478271, "accuracy": 0.9728703498840332, "val_loss": 0.05286112427711487, "val_accuracy": 0.9860000014305115}
{"epoch": 5, "loss": 0.07950378209352493, "accuracy": 0.9756481647491455, "val_loss": 0.04728948324918747, "val_accuracy": 0.9883333444595337}
{"epoch": 6, "loss": 0.06922697275876999, "accuracy": 0.9782407283782959, "val_loss": 0.045409128069877625, "val_accuracy": 0.9886666536331177}
{"epoch": 7, "loss": 0.06624846160411835, "accuracy": 0.9792037010192871, "val_loss": 0.03935295343399048, "val_accuracy": 0.9888333082199097}
{"epoch": 8, "loss": 0.06064549461007118, "accuracy": 0.9812407493591309, "val_loss": 0.036869343370199203, "val_accuracy": 0.9898333549499512}
{"epoch": 9, "loss": 0.057783469557762146, "accuracy": 0.9813518524169922, "val_loss": 0.0361444465816021, "val_accuracy": 0.9903333187103271}
